sentence,difficulty
Erna geht allein auf das Festival.,A1
Erna denkt ein paar Sekunden.,A1
"Dann sagt sie: „Ich gehe auf das Festival, denn die Musik ist sicher toll.",A2
"So kann ich auch neue Menschen kennen lernen. “

Am nächsten Tag fährt Erna auf das Festival.",A2
Dort sind viele Menschen.,A1
Die Bands spielen Musik.,A1
Die Musik ist super.,A1
"Alle Menschen tanzen, also tanzt Erna auch.",A2
Nach einer Stunde steht eine Frau neben Erna.,A2
Sie heißt Jana.,A1
Jana ist auch allein hier.,A1
Die zwei Frauen hören zusammen Musik.,A1
Dann kommt Janas Bruder Tim.,A1
"Er bringt Wasser mit, denn es ist sehr warm und alle haben Durst.",A2
Jana sagt:,A1
"„Willst du mit uns zusammen feiern? “ „Ja, natürlich! “, sagt Erna.",A2
Danach tanzen und lachen sie viel.,A1
Die Musik ist super und die Menschen sind sehr nett.,A1
Am Ende vom Festival sagt Jana: „Das war toll!,A1
Können wir Freunde sein? “,A1
"„Ja, sehr gern! “, sagt Erna.",A1
Jana nimmt ihr Handy.,A1
Sie gibt Erna ihre Telefonnummer.,A1
Dann gibt Erna Jana auch ihre Nummer.,A2
Zu Hause ruft Erna Sofia an.,A1
"„Das Festival war so toll! “, sagt Erna.",A1
„Ich habe neue Freunde gefunden.,A1
Sie heißen Jana und Tim und sind sehr nett.,A1
Nächstes Jahr bist du wieder gesund.,A2
Dann können wir alle zusammen auf das Festival gehen. “,A2
"An Anastasia Wagner
„Anastasia Wagner .",A1
"ja, das bin ich.",A1
"Der Brief ist für mich“, denkt Anastasia.",A1
Sie öffnet den Brief.,A1
Dann sieht sie das Papier an.,A1
Es ist neu und weiß.,A1
"Anastasia liest:

„Hallo Frau Wagner,

mein Name ist Max Müller.",A2
Ich wohne seit zwei Tagen hier in der Bahnhofstraße 10.,A2
Wir sind jetzt also Nachbarn.,A1
Ich möchte Sie gern zu einer Party einladen.,A2
Sie beginnt am Samstag um 19 Uhr.,A1
Wir feiern in meiner Wohnung.,A1
"Sie können gern etwas mitbringen, vielleicht einen Salat oder Orangensaft.",A2
Oder können Sie backen?,A1
Dann bringen Sie gern einen Kuchen mit.,A2
Haben Sie Zeit?,A1
Kommen Sie?,A1
Dann schreiben Sie mir bitte eine SMS.,A2
Meine Nummer ist die 0160 95521364.,A1
"Viele Grüße

Max Müller“

Anastasia war schon lange nicht mehr auf einer Party.",A2
Am Samstag hat sie auch Zeit.,A1
"Sie nimmt ihr Handy und schreibt Herrn Müller eine Nachricht:

„Hallo Herr Müller, vielen Dank für die Einladung.",A2
Am Samstag habe ich Zeit.,A1
Ich komme sehr gern zur Party.,A2
Ich bringe einen Schokokuchen mit.,A1
Wir sehen uns dann am Samstag.,A1
"Viele Grüße, Anastasia Wagner“

Anastasia ist glücklich.",A1
Jetzt hat sie einen Plan fürs Wochenende.,A2
"„Oh, heute ist Freitag.",A1
Dann ist morgen schon Samstag.,A1
"Ich muss noch ein paar Sachen für den Kuchen kaufen“, denkt Anastasia.",A2
Sie isst das Brot und trinkt den Kaffee.,A1
Dann nimmt sie ihre Tasche und geht aus dem Haus.,A2
"Ein Mann setzt sich neben Emil
Der Mann ist alt, vielleicht 60.",A1
Er nimmt ein Heft aus seiner Tasche.,A2
Dann nimmt er einen Stift.,A1
Emil sieht dem Mann zu.,A2
Er zeichnet einen Baum.,A1
„Das Bild ist schön.,A1
"Sie zeichnen sehr gut“, sagt Emil.",A2
"„Kann ich das auch lernen? “, fragt er dann.",A1
Der Mann lacht und antwortet:,A1
"„Ja, jeder kann zeichnen lernen. “

„Muss ich nicht sehr kreativ sein? “

„Nein, nein!",A1
"Zeichnen ist nicht schwer, das ist leicht.",A1
Du kannst es lernen.,A1
". “, antwortet der Mann und gibt Emil das Heft und den Stift.",A2
Jetzt zeichnet Emil.,A1
Er zeichnet seine Freunde und einen Fußball.,A1
Zeichnen macht Spaß.,A1
"Emil ist glücklich, denn er hat jetzt zwei Hobbys: Fußball und Zeichnen.",A1
"OPTION 2

Zwei Frauen setzen sich neben Emil

Die Frauen sind jung, vielleicht 20 oder 21.",A2
Eine Frau nimmt ein Schachbrett aus ihrer Tasche.,A2
Dann spielen die Frauen Schach.,A1
Emil sieht den Frauen zu.,A2
"Das Spiel sieht interessant aus, aber Emil versteht es nicht.",A2
"„Das sieht sehr schwer aus“, sagt Emil.",A1
"„Kann ich das auch lernen? “, fragt er dann.",A1
"Lukas repariert das Auto
Lukas öffnet die Tür.",A1
Dann steigt er aus.,A2
Er sieht das Auto an.,A1
"„Ah, das ist das Problem“, denkt er.",A1
Der Motor ist sehr heiß.,A1
Er hat kein Öl mehr.,A1
Ohne Öl macht der Motor,A2
"„krack, krack“.",
Das ist nicht gut.,A1
Also holt Lukas eine Flasche mit Öl aus dem Auto.,A2
Mit Öl fährt das Auto viel besser.,A2
Ein paar Minuten später sitzt Lukas wieder im Auto.,A2
Er fährt weiter.,A2
Lukas ist jetzt schon in der Schweiz.,A1
Hier sind die Berge sehr hoch.,A1
Und auf den Bergen liegt Schnee.,A1
Auch in der Schweiz ist die Natur sehr schön.,A1
Lukas fährt noch viele Stunden.,A2
Er hört Musik und denkt an Italien.,A1
Dann ist Lukas in Italien.,A1
Er fährt noch ein bisschen.,A2
Dann steigt er aus.,A2
Er sieht das Meer.,A1
Es ist blau.,A1
Die Sonne scheint und der Wind spielt mit Lukas' Haaren.,A2
„Die Bäume und Blumen in Deutschland sind schön.,A1
Die Berge in der Schweiz sind schön.,A1
"Aber nichts ist so schön wie das Meer in Italien“, denkt er.",A2
Heute geht Thalia in die Uni.,A2
Sie beginnt ein Studium und heute ist der erste Tag.,A1
Aber kann sie Freunde finden?,A1
Thalia steht auf.,A1
Dann zieht sie sich an.,A1
Sie trägt heute ein T-Shirt von Silbermond.,A2
Sie mag die Musik von Silbermond sehr.,A2
Es ist ihre Lieblingsband.,A1
Um kurz vor 10 fährt Thalia mit dem Bus.,A2
Hier sitzen viele Studenten.,A1
Nach 15 Minuten ist Thalia an der Haltestelle,A1
Sie steigt aus und sieht auf ihr Handy.,A2
"Oh nein, es ist 10:13 Uhr.",A1
Schon so spät?,A1
Das Seminar beginnt in zwei Minuten.,A2
Also geht Thalia sehr schnell.,A2
Oh nein!,A1
Auf dem Platz vor der Uni läuft Thalia gegen einen Jungen.,A2
Sein Handy fällt nach unten.,A1
Aber es ist nicht kaputt.,A1
Das ist gut.,A1
Dann sieht Thalia es: Die Tasche von dem Jungen ist von Silbermond!,A2
"„Das tut mir leid! “, sagt Thalia.",A1
"„Kein Problem! “, antwortet der Junge.",A1
Er lächelt.,A1
Thalia lächelt zurück.,A1
Sie sagt aber nichts.,A1
Dann geht der Junge weiter.,A1
Thalia geht auch weiter.,A1
Sie öffnet die Tür vom Seminarraum.,A2
Dort sieht sie den Jungen wieder.,A2
Er sitzt hinten und spricht mit zwei Studenten.,A2
Sie lachen viel.,A1
Thalia hat noch keine Freunde in der Uni.,A2
Also setzt sie sich allein auf einen Platz.,A2
Das ist ein bisschen schade.,A1
Aber vielleicht findet sie schon bald Freunde.,A1
Das Seminar ist zu Ende!,A1
Thalia findet die Themen sehr interessant.,A1
Aber auch schwer.,A2
Also möchte sie in die Bibliothek gehen und lernen.,A1
Wo ist die Bibliothek?,A1
Thalia muss lang suchen.,A1
Nach 20 Minuten findet sie die Bibliothek.,A2
Sie öffnet die Tür und geht in den Raum.,A2
Der Raum ist sehr groß.,A1
So viele Bücher hat Thalia noch nie gesehen!,A2
Thalia sieht nach links und nach rechts.,A1
An den Tischen sitzen viele Studenten.,A2
"Aber zwei Plätze sind frei:

Thalia kann neben einem Mädchen sitzen oder neben dem Jungen mit der Silbermond-Tasche!",A2
"Thalia ist ein bisschen nervös, aber sie setzt sich neben den Jungen.",A2
Dann holt sie ein Buch aus ihrer Tasche.,A2
"„Studierst du auch Psychologie? “, fragt der Junge.",A2
Du auch? “,A1
Ich auch.,A1
Dann können wir ja zusammen lernen!,A2
Ich heiße Hannes.,A1
"Und du? “

Thalia lächelt.",A1
„Ich heiße Thalia.,A1
Und sorry nochmal .,A1
du weißt schon .,A2
dein Handy heute Morgen. “,A2
„Das ist doch kein Problem.,A1
"Meinem Handy geht es gut! “

Die Zwei lachen zusammen.",A2
Lernen kann also doch Spaß machen!,A2
"Erna ist sehr glücklich, denn morgen ist ein Festival.",A1
Ein Festival ist eine Party für sehr viele Menschen.,A1
Oft ist es draußen in einem Park oder an einem See.,A2
Viele Bands spielen dort Musik.,A2
Erna hat zwei Karten für das Festival.,A1
Eine Karte ist für Erna und eine Karte ist für ihre Freundin Sofia.,A1
"Die Karten kosten viel Geld, aber das ist kein Problem.",A2
Am Abend klingelt Ernas Telefon.,A2
Sofia ruft an.,A1
"„Hallo Erna“, sagt Sofia.",A1
"„Es tut mir leid, aber ich bin krank.",A1
Ich habe Fieber.,A1
Also kann ich nicht mitkommen.,A2
Ich habe meine Karte schon verkauft. “ Erna ist jetzt sehr traurig.,A2
Das ist nicht gut.,A1
Erna kennt keine Menschen auf dem Festival.,A2
Was soll sie machen?,A2
Soll sie allein auf das Festival gehen?,A2
Oder soll sie ihre Karte auch verkaufen?,A2
Es ist 7 Uhr.,A1
Anastasia steht auf und zieht sich an.,A2
Sie geht ins Badezimmer und putzt ihre Zähne.,A1
Danach geht sie in die Küche.,A1
Sie isst ein Brot mit Honig und trinkt eine Tasse Kaffee.,A1
Dann hört Anastasia etwas.,A1
"Es macht ding, dong.",A1
"„Oh, es klingelt“, denkt Anastasia.",A1
Sie steht auf und geht zur Haustür.,A2
Anastasia öffnet die Tür.,A1
Da ist kein Mensch.,A1
Aber auf dem Boden liegt etwas.,A1
Es ist ein Brief.,A1
Anastasia nimmt den Brief und geht wieder in die Küche.,A2
Sie hat viele Fragen: Wer hat den Brief geschrieben?,A2
Was steht in dem Brief?,A2
Warum war nur der Brief vor der Tür und kein Mensch?,A2
Anastasia sieht den Brief an.,A1
Auf dem Brief steht .,A2
Emil ist 23 Jahre alt.,A1
Er wohnt in Köln.,A1
"Emil ist Student, aber er studiert nicht immer.",A1
Emil hat auch ein Hobby.,A1
In seiner Freizeit spielt er gern Fußball.,A1
Jeden Samstag spielt er mit seinen Freunden.,A1
Sie spielen immer im Park.,A1
Emil spielt sehr gut Fußball.,A1
Sein Freund Felix sagt oft: „Emil ist super.,A1
Ich möchte auch so gut sein wie er. “Aber heute ist es anders.,A2
Emil hat ein Problem.,A1
Er hat Schmerzen im Bein.,A2
"„Oh nein, warum tut mein Bein weh?",A1
"Ich kann heute nicht spielen“, denkt Emil.",A2
"Er ist sehr traurig, denn er liebt Fußball.",A1
Emil will nicht allein zu Hause bleiben.,A1
Er geht in den Park.,A1
Dort sieht er seine Freunde.,A1
Sie spielen wie jeden Samstag Fußball.,A1
Nur Emil nicht.,A2
Er sitzt allein auf einer Bank.,A1
Lukas ist 22 Jahre alt.,A1
Er kommt aus Berlin.,A1
Aber im Moment ist er nicht in Berlin.,A1
Er ist in München.,A1
Warum ist er in München?,A1
Er fährt nach Italien.,A1
Lukas hat ein Auto.,A1
"Es ist rot und ein bisschen alt, aber sehr schön.",A1
Lukas fährt also mit seinem Auto nach Italien.,A2
Lukas hat eine Tasche.,A1
"In der Tasche sind Kleidung, Geld, ein bisschen Brot und Wasser - und ein Handy.",A1
Das Handy ist wichtig.,A1
Denn mit dem Handy findet Lukas den Weg nach Italien.,A2
Er nimmt die Tasche und geht zu seinem Auto.,A2
Fünf Minuten später sitzt Lukas im Auto und fährt.,A2
Er fährt auf der Landstraße.,A2
Die Sonne scheint.,A1
"Links und rechts sieht Lukas Bäume, Blumen und Berge.",A1
Die Natur in Bayern ist sehr schön.,A1
Lukas fährt und fährt.,A1
Aber dann gibt es ein Problem.,A1
Das Auto macht,A1
"„krack, krack“.",A1
Es fährt nicht mehr.,A1
Es steht.,A2
Was jetzt?,A1
Heute geht Thalia in die Uni.,A1
Sie beginnt ein Studium und heute ist der erste Tag.,A1
Aber kann sie Freunde finden?,A1
Thalia steht auf.,A1
Dann zieht sie sich an.,A1
Sie trägt heute ein T-Shirt von Silbermond.,A2
Sie mag die Musik von Silbermond sehr.,A1
Es ist ihre Lieblingsband.,A1
Um kurz vor 10 fährt Thalia mit dem Bus.,A2
Hier sitzen viele Studenten.,A2
Nach 15 Minuten ist Thalia an der Haltestelle,A2
Sie steigt aus und sieht auf ihr Handy.,A2
"Oh nein, es ist 10:13 Uhr.",A1
Schon so spät?,A1
Das Seminar beginnt in zwei Minuten.,A1
Also geht Thalia sehr schnell.,A2
Oh nein!,A1
Auf dem Platz vor der Uni läuft Thalia gegen einen Jungen.,A2
Sein Handy fällt nach unten.,A1
Aber es ist nicht kaputt.,A1
Das ist gut.,A1
Dann sieht Thalia es: Die Tasche von dem Jungen ist von Silbermond!,A2
"„Das tut mir leid! “, sagt Thalia.",A1
"„Kein Problem! “, antwortet der Junge.",A1
Er lächelt.,A1
Thalia lächelt zurück.,A1
Sie sagt aber nichts.,A1
Dann geht der Junge weiter.,A1
Thalia geht auch weiter.,A2
Sie öffnet die Tür vom Seminarraum.,A2
Dort sieht sie den Jungen wieder.,A2
Er sitzt hinten und spricht mit zwei Studenten.,A2
Sie lachen viel.,A1
Thalia hat noch keine Freunde in der Uni.,A2
Also setzt sie sich allein auf einen Platz.,A2
Das ist ein bisschen schade.,A1
Aber vielleicht findet sie schon bald Freunde.,A2
Das Seminar ist zu Ende!,A1
Thalia findet die Themen sehr interessant.,A2
Aber auch schwer.,A2
Also möchte sie in die Bibliothek gehen und lernen.,A1
Wo ist die Bibliothek?,A1
Thalia muss lang suchen.,A1
Nach 20 Minuten findet sie die Bibliothek.,A1
Sie öffnet die Tür und geht in den Raum.,A2
Der Raum ist sehr groß.,A1
So viele Bücher hat Thalia noch nie gesehen!,A2
Thalia sieht nach links und nach rechts.,A1
An den Tischen sitzen viele Studenten.,A2
"Aber zwei Plätze sind frei:

Thalia kann neben einem Mädchen sitzen oder neben dem Jungen mit der Silbermond-Tasche!",A2
"Thalia ist ein bisschen nervös, aber sie setzt sich neben den Jungen.",A2
Dann holt sie ein Buch aus ihrer Tasche.,A2
"„Studierst du auch Psychologie? “, fragt der Junge.",A2
Du auch? “,A1
Ich auch.,A1
Dann können wir ja zusammen lernen!,A1
Ich heiße Hannes.,A1
"Und du? “

Thalia lächelt.",A1
„Ich heiße Thalia.,A1
Und sorry nochmal .,A1
du weißt schon .,A2
dein Handy heute Morgen. “,A2
„Das ist doch kein Problem.,A1
"Meinem Handy geht es gut! “

Die Zwei lachen zusammen.",A2
Lernen kann also doch Spaß machen!,A2
Laura wohnt und arbeitet in Hamburg.,A1
Ab Montag hat sie Urlaub.,A1
Im Urlaub muss Laura nicht arbeiten.,A1
Sie hat frei.,A1
Also will sie eine Reise machen.,A1
Im Internet sieht Laura ein Foto.,A1
Auf dem Foto ist eine Stadt am Meer.,A1
Die Sonne scheint.,A1
Über dem Bild steht,A2
Mallorca ist eine Insel in Spanien.,A1
"Laura war noch nie auf Mallorca, denn Mallorca ist weit weg.",A2
Von Hamburg bis Mallorca sind es über 1500 Kilometer und ein Flug kostet oft viel Geld.,A2
Laura sieht auch ein Foto von der Nordsee.,A1
Das ist ein Meer in Norddeutschland.,A1
Ist die Nordsee auch weit weg?,A1
"Nein, die Nordsee ist in der Nähe.",A1
Von Hamburg bis zur Nordsee sind es nur 100 Kilometer.,A2
An der Nordsee gibt es aber viel Wind und es ist auch oft kalt.,A2
Laura will nicht allein reisen.,A1
Sie will mit ihrem Freund Tobi zusammen in den Urlaub fahren.,A2
Wo will Laura Urlaub machen: auf Mallorca oder an der Nordsee?,A2
Laura weiß es nicht.,A1
Also ruft sie Tobi an und fragt ihn:,A1
"„Hallo Tobi, willst du lieber nach Mallorca fliegen oder an die Nordsee fahren? “",A2
Tobi sagt:,A1
"„Ich möchte nach Mallorca fliegen. “„Super, dann machen wir das“, antwortet Laura.",A2
Am Montag fliegen die Zwei von Hamburg nach Mallorca.,A2
Sie haben einen Flug für nur 50 Euro gefunden.,A2
Das ist sehr billig.,A1
Mit dem Flugzeug ist die Reise auch nicht lang.,A2
Nach nur drei Stunden kommen Laura und Tobi auf Mallorca an.,A2
Das Wetter ist super: Die Sonne scheint und das Meer ist blau.,A1
Am Dienstag liegen Tobi und Laura am Strand und trinken Cocktails.,A2
Am Mittwoch gehen sie nach Palma.,A1
Das ist eine Stadt auf Mallorca.,A1
Die Stadt ist sehr schön.,A1
Es gibt viele Parks und Kirchen.,A1
Am Nachmittag gehen Laura und Tobi in der Stadt spazieren.,Invalid
Auf den Straßen sind viele Menschen.,A1
Am Abend essen die Zwei in einem Restaurant.,A2
"Laura und Tobi sind glücklich mit ihrem Urlaub, denn sie lieben die Sonne und das Meer und das Essen ist auch sehr gut.",A2
Tarik kommt aus Albanien.,A1
Seit einem Jahr wohnt er mit seiner Familie in Hamburg.,A2
Hamburg ist eine Hafenstadt.,A1
Dort gibt es viele Schiffe.,A1
Tariks Frau heißt Marina.,A1
Sie haben zwei Kinder.,A1
Diese Woche hatte Tarik viel zu tun.,A2
Er macht eine Ausbildung zum Mechaniker.,A2
Am Freitag um acht Uhr morgens war seine letzte Prüfung.,A2
Jetzt darf er in Deutschland als Mechaniker arbeiten.,A2
Das will er feiern: Am Wochenende will er mit seiner Frau und seinen Kindern essen gehen.,A2
In Hamburg gibt es viele Restaurants.,A1
"Man kann international essen: griechisch, italienisch, indisch, deutsch, japanisch,…

Tariks Frau mag Schnitzel mit Pommes.",A2
Also ruft er im deutschen Restaurant an.,A2
Er möchte reservieren.,A1
Leider gibt es am Samstag keine Plätze mehr.,A2
Am Sonntag hat das Restaurant geschlossen.,A1
Tarik ist traurig.,A1
Aber er hat eine Idee: Seine Kinder Luan und Adelina mögen Pizza.,A1
Er ruft im italienischen Restaurant an.,A2
Der Kellner ist sehr nett.,A1
Sie haben Plätze frei.,A1
Das Restaurant heißt Cucina Italia.,A1
Es ist sehr gut.,A1
Das sagen die Menschen im Internet.,A2
Sie geben dem Restaurant immer fünf Sterne.,A2
Tarik hat einen Tisch im Garten reserviert.,A2
Die Stühle im Restaurant sind blau und die Tische sind gelb.,A1
Luan will eine Pizza Margherita haben.,A1
Das ist eine Pizza mit Tomaten und Käse.,A1
Adelina mag keine Tomaten.,A1
Sie will eine Pizza mit Schinken essen.,A1
Tarik bestellt.,A1
"„Für meine Kinder eine Pizza Margherita und eine Pizza mit Schinken, bitte.",A1
Ich nehme einen Salat.,A1
"Und für meine Frau bitte Nudeln mit Tomatensoße. “

Der Kellner bringt das Essen.",A1
Aber was ist das?,A1
Auf Adelinas Pizza sind Tomaten!,A1
"„Bäääh, da sind Tomaten auf meiner Pizza.",A1
"Ich will keine Tomaten“, sagt Adelina laut.",A1
Sie sieht nicht glücklich aus.,A2
"„Entschuldigung, es gibt ein Problem.",A1
Auf der Pizza sind viele Tomaten.,A1
"Aber wir wollten eine Pizza ohne Tomaten für meine Tochter, also nur mit Schinken“, sagt Tarik zum Kellner.",A2
"„Oh, das tut mir leid“, antwortet der Kellner, „ich bringe Ihnen schnell eine Pizza ohne Tomaten. “

Nach zehn Minuten kommt der Kellner mit der Pizza.",A2
Sie ist sehr lecker.,A1
Adelina ist glücklich und lacht wieder.,A1
"„Wollen Sie einen Nachtisch haben? “, fragt der Kellner ein wenig später.",A2
„Oder einen Kaffee? “Tarik versteht „Nachtisch“nicht.,A2
"„Wir haben schon einen Tisch“, sagt er.",A1
"„Nein, keinen Tisch“, sagt der Kellner.",A1
Er lacht freundlich.,A1
"„Einen Nachtisch, also ein Dessert.",A1
"Wir haben Kuchen und Eis. “

Adelinas und Luans Augen werden groß.",A1
"„Ein Eis! “, sagt Adelina.",A1
Tarik lacht.,A1
"„Ein Schokoladeneis oder ein Erdbeereis? “„Ein Schokoladeneis, bitte! “Marina will einen Kaffee trinken und Tarik will ein Stück Apfelkuchen essen.",A1
Doch auf einmal fängt es an zu regnen.,A2
"„Oh nein, der leckere Apfelkuchen! “, ruft Marina.",A1
Adelina ist der Regen egal.,A2
Sie isst weiter ihr Eis.,A2
Der Kellner entschuldigt sich mit einem Lachen:,A2
"„Wir sind leider nicht in Italien. “

Nach dem Essen fährt die Familie nach Hause.",A1
Es regnet weiter.,A2
Aber sie sind glücklich: Tarik ist jetzt Mechaniker und sie haben alle lecker gegessen.,A2
Herr Fink arbeitet im Hotel Schöndorf.,A1
Schon seit fünf Jahren arbeitet er dort an der Rezeption.,B1
Im Hotel Schöndorf kann man viel machen.,A1
Montags und freitags hat die Hotel-Bar geöffnet.,A2
"In der Hotel-Bar kann man etwas trinken: Cola, Wasser, Kaffee und Alkohol.",A1
Das Restaurant im Hotel heißt,A1
"Im Restaurant kann man etwas essen: Pizza, Pasta, Burger und Pommes.",A1
Das Hotel hat auch ein Schwimmbad.,A1
Dort kann man schwimmen.,A1
Das Schwimmbad hat jeden Tag von zehn bis sechzehn Uhr geöffnet.,A1
Auch draußen ist es sehr schön: Es gibt Berge und einen See.,A2
Die Menschen im Hotel gehen gern wandern oder machen ein Picknick am See.,A2
Ein Picknick heißt: Man bringt etwas zu essen mit und isst in der Natur.,A1
"Vormittags hat Herr Fink oft viel Arbeit, aber jetzt ist es schon zwanzig Uhr und abends hat er oft wenig zu tun.",A2
Herr Fink ist müde.,A1
Also legt er den Kopf auf seine Hände und schläft.,A2
"Doch dann wacht er auf, denn er hört etwas.",A2
Was ist passiert?,A2
Vor Herrn Fink steht ein Mann mit einem Kind.,A2
Er sagt laut:,A1
„Ähäm! “Herr Fink wacht auf.,A1
Jetzt sitzt er wieder normal auf seinem Stuhl.,A2
"„Oh, Entschuldigung!",A1
"Wie kann ich Ihnen helfen? “, fragt Herr Fink.",A1
„Florian will gern ins Schwimmbad gehen.,A1
"Wann hat es geöffnet? “, fragt der Mann mit dem Kind an der Hand.",A2
Herr Fink sieht auf den Kalender.,A1
„Das Schwimmbad schließt um sechzehn Uhr. “Dann sieht Herr Fink auf die Uhr und spricht weiter: „Jetzt ist es zwanzig Uhr und das Schwimmbad hat schon geschlossen.,A2
Sie müssen also bis morgen früh warten.,A2
Um zehn Uhr öffnet das Bad wieder. “,A1
"„Und wo ist das Schwimmbad? “, fragt der Vater.",A1
„Gehen Sie nach unten.,A2
"Das Schwimmbad ist rechts, neben dem Restaurant Stern.",A1
Es öffnet um acht Uhr.,A1
"Sie können dort morgen frühstücken und dann schwimmen gehen“, antwortet Herr Fink.",A2
„Vielen Dank!,A1
Die Idee ist sehr gut.,A1
Auf Wiedersehen! “,A1
Simon ist dreißig Jahre alt.,A1
Er ist erst vor zwei Monaten nach Deutschland gekommen.,A2
Simon ist neu in der Stadt.,A1
Er kennt noch nicht so viele Menschen.,A2
Im Internet findet er Informationen zu einem Deutsch-Stammtisch.,A2
Es gibt eine Telefonnummer.,A1
Simon ruft an.,A1
"„Hallo, ich habe eine Frage.",A1
Was ist ein Stammtisch? “,A2
"„Hallo, ein Stammtisch ist eine Gruppe.",A1
Sie trifft sich jede Woche oder jeden Monat.,A1
Beim Deutsch-Stammtisch können Sie Deutsch sprechen.,A2
Sie können Menschen aus Deutschland und aus anderen Ländern kennenlernen.,A2
"Wir haben eine Person aus Afghanistan, eine aus Frankreich, zwei aus Syrien und eine aus Nigeria. “Das klingt gut.",A2
Simon will gern zum Deutsch-Stammtisch kommen.,A2
"„Wann ist der Stammtisch? “, fragt er.",A2
„Der Stammtisch ist jeden Mittwoch um neunzehn Uhr. “„Neunzehn Uhr? “Simon muss etwas denken.,A2
Ein Tag hat vierundzwanzig Stunden.,A1
"„Sieben Uhr abends? “„Ja, genau. “Die deutschen Zeiten findet er schwer.",A2
Kommen Sie das nächste Mal? “,A2
„Am Mittwochabend kann ich leider nicht.,A1
"Da spiele ich bis zwanzig Uhr Handball“, sagt Simon.",A2
"„Schade“, sagt der Mann am Telefon.",A1
Simon ist traurig.,A1
Jetzt kann er nicht zum Stammtisch gehen.,A2
"„Wir haben auch noch ein Single-Café“, sagt der Mann.",A2
„Es ist nur für Singles.,A1
Das sind Menschen ohne Partner.,A1
"Singles sind also nicht verheiratet und haben keinen Freund oder keine Freundin. “

Simon versteht nicht.",A1
"„Ich habe auch keine Freunde hier“, sagt er.",A1
„Kann ich zum Single-Café kommen? “Der Mann lacht.,A2
"„Haben Sie eine Frau? “„Nein“, sagt Simon, „keine Frau. “„Dann können Sie zum Single-Café kommen.",A2
Wir treffen uns am Samstag um fünfzehn Uhr im Café Krone. “,A2
Willi ist 52 Jahre alt.,A1
Er wohnt in Hamburg und will heute in den Urlaub fahren.,A2
Willi liebt das Meer.,A1
Also fährt er heute an die Nordsee.,A2
Willi legt seinen Koffer in das Auto.,A2
Er nimmt auch eine Jacke mit.,A2
Denn es ist Oktober und im Herbst ist es an der Nordsee kalt.,A2
Willi geht aus dem Haus und setzt sich in sein Auto.,A2
Er fährt los.,A2
Nach drei Stunden kommt Willi an einer Wohnung an.,A2
Hier wohnt er für vier Tage.,A1
Willi bringt seinen Koffer in die Wohnung.,A2
Die Wohnung ist klein und schön.,A1
Aber Willi will nicht drinnen in der Wohnung sein.,A2
Er will nach draußen gehen und das Meer sehen.,A2
Draußen ist es kalt.,A1
Also zieht Willi seine Jacke an.,A1
Er geht zum Meer.,A1
Das Wasser ist blau und der Himmel ist grau.,A1
"Das Wasser ist sehr kalt, aber das ist für Willi kein Problem.",A2
Er möchte im Meer schwimmen.,A2
Also zieht Willi seine Kleidung und seine Schuhe aus.,A2
Dann legt er alles auf den Boden.,A1
Langsam geht Willi in das Wasser.,A1
Nach zwei Metern kann er schwimmen.,A2
Das Wasser schmeckt nach Salz.,A1
Nach fünf Minuten kommt Willi wieder aus dem Wasser.,A2
"Er ist sehr glücklich, denn er schwimmt gern im Meer.",A1
Willi zieht seine Kleidung und die Schuhe wieder an.,A2
Dann geht er zurück zu seiner Wohnung.,A2
Morgen will er wieder im Meer schwimmen.,A2
Mirko ist 30 Jahre alt.,A1
Er lebt und arbeitet in Deutschland.,A1
Mirkos Eltern leben nicht in Deutschland.,A1
Sie leben in Spanien.,A1
Heute möchte Mirko seine Eltern dort besuchen.,A2
Mirko hat kein Auto.,A1
Und er fliegt nicht gern.,A1
Also will Mirko mit dem Zug nach Spanien fahren.,A2
Um 9 Uhr steht er am Bahnhof und wartet auf den Zug.,A2
Aber der Zug kommt nicht.,A1
Mirko wartet und wartet.,A1
Wann kommt der Zug?,A1
Mirko weiß es nicht.,A1
Er wartet weiter.,A1
Jetzt ist es 10:15 Uhr.,A1
Da ist der Zug!,A1
Er fährt in den Bahnhof.,A2
Dann hält er und die Türen gehen auf.,A2
Mirko steigt ein.,A2
Er geht durch den Zug und sucht einen Platz.,A2
Da ist einer frei.,A1
Mirko setzt sich auf den Platz und der Zug fährt los.,A2
Nach vier Stunden hält der Zug in Paris.,A2
Hier muss Mirko in einen Zug nach Spanien umsteigen.,A2
Also steigt er aus und wartet im Bahnhof.,A2
Dann hört Mirko eine Durchsage:,A1
"„Der Zug nach Barcelona um 15 Uhr kommt heute nicht. “

Oh, nein!",A1
Was soll Mirko jetzt machen?,A2
Mirko will schnell zu seinen Eltern.,A2
Also wartet er am Bahnhof.,A1
Vielleicht kommt gleich noch ein Zug?,A2
Mirko wartet zwei Stunden.,A1
Dann geht er in ein Café.,A1
Mirko ist müde.,A1
Also kauft er einen Kaffee.,A1
Mit dem Kaffee geht Mirko zurück zum Gleis.,A2
Er wartet noch eine Stunde.,A1
Da kommt ein Zug!,A1
Auf dem Zug steht: Barcelona.,A1
Dort will Mirko hin.,A2
Also steigt er in den Zug ein.,A2
"Mirko ist glücklich, denn er muss nicht mehr warten und die Reise geht weiter.",A2
Der Zug fährt los und bringt Mirko nach Barcelona.,A2
Nach vielen Stunden kommt Mirko an.,A2
Jetzt ist es schon spät am Abend.,A1
Mirko steigt aus dem Zug aus.,A2
Dann sucht Mirko seine Eltern.,A1
"Ah, da sind sie!",A1
Sie sitzen im Bahnhof auf einer Bank und warten auf ihn.,A2
"Sie sehen müde aus, denn sie haben viele Stunden hier gewartet.",B1
Doch dann sehen sie Mirko und stehen schnell auf.,A2
"Mirkos Mutter sagt: „Hallo Mirko, da bist du ja.",A1
Warum kommst du so spät? “,A1
„Das ist doch egal.,A2
Jetzt ist unser Sohn hier bei uns.,A1
"Und das ist super! “, sagt Mirkos Vater.",A1
"„Ja, du hast recht.",A1
"Herzlich willkommen in Barcelona! “, sagt Mirkos Mutter und umarmt ihren Sohn.",A2
Es ist Sommer und das Wetter ist sehr schön.,A1
Ralf und Andreas gehen heute in den Park.,A1
Vor einem Jahr haben sie geheiratet.,A2
Das wollen sie feiern.,A1
Lena ist eine Freundin von ihnen.,A1
Sie kommt heute mit.,A1
"Im Park wollen die Drei zusammen essen, trinken und Fußball spielen.",A2
Lena hat eine Tasche.,A1
In der Tasche sind Gläser und Teller.,A1
Ralf hat Muffins in seinem Rucksack.,A2
Und Andreas hat einen Ball in der Hand.,A1
Die Drei kommen im Park an.,A1
Lena legt die Tasche auf den Boden.,A1
"Ralf, Andreas und Lena setzen sich.",A1
Andreas holt die Teller und Gläser aus der Tasche.,A2
Und Ralf legt die Muffins auf die Teller.,A2
Die Drei essen und lachen.,A1
Dann nimmt Andreas den Ball und fragt:,A1
„Wollen wir Fußball spielen? “Ralf und Lena haben auch Lust.,A1
"„Ja klar! “, antworten sie und stehen auf.",A2
Dann spielen alle zusammen Fußball.,A1
Auf dem Boden sitzt ein Vogel.,A2
Aber Lena sieht ihn nicht.,A2
"Der Ball fliegt zum Vogel, aber der Vogel fliegt nicht weg.",A1
Dann trifft der Ball den Vogel.,A1
"„Oh, nein“, sagt Lena.",A1
Sie sieht den Vogel.,A1
Er sieht nicht gut aus.,A1
Viellicht ist er verletzt?,A2
"Lena und ihre Freunde müssen etwas tun, aber was?",A1
Sie gehen mit dem Vogel .,A1
Lena nimmt den Vogel in die Hand.,A1
Ralf und Andreas legen die Teller und Gläser wieder in die Tasche.,A2
Die Männer wollen das Auto holen.,A1
Sie nehmen die Tasche mit.,A1
Lena wartet im Park auf ihre Freunde.,A1
Nach zehn Minuten kommen sie zurück und Lena steigt ins Auto.,A2
Sie hält den Vogel in der Hand.,A2
Zusammen fahren sie zum Tierarzt.,A1
Der Tierarzt sieht den Vogel an.,A1
Sein Flügel ist kaputt.,A2
Aber der Tierarzt kann dem Vogel helfen.,A2
Er muss ein paar Tage beim Arzt in der Praxis bleiben.,A2
Nach zwei Wochen ist der Vogel gesund.,A1
Jetzt kann er wieder fliegen.,A1
"Lena, Ralf und Andreas sind sehr froh.",A1
Heute ist Sonntag.,A1
Dina hat Geburtstag.,A1
Sie ist jetzt sieben Jahre alt.,A1
Dina geht in die Küche.,A1
Auf dem Tisch steht ein Kuchen.,A1
Er ist groß und sieht lecker aus!,A1
Dinas Eltern sind auch in der Küche.,A1
Dinas Mutter sagt: „Guten Morgen Dina.,A1
Herzlichen Glückwunsch zum Geburtstag. “Ihr Vater lacht und sagt:,A2
"„Auch von mir alles Gute, liebe Dina. “Dann singen Dinas Eltern ein Geburtstagslied für ihre Tochter.",A2
In der Küche ist auch Dinas Bruder.,A1
Er heißt Ben und ist ein Jahr alt.,A1
Ben kann noch nicht singen.,A1
Er ist zu klein.,A1
Dinas Vater gibt Dina ein Geschenk.,A1
Was ist da drin?,A1
Dina will es wissen.,A2
"Sie öffnet schnell das Geschenk: Oh, ein Buch über Hunde!",A2
Wie toll!,A1
"Dina freut sich sehr über das Geschenk, denn sie liebt Hunde.",A2
„Danke für das Buch!,A1
"Das ist super“, sagt Dina zu ihren Eltern.",A1
Das ist die Klingel!,A1
Jemand steht vor der Tür und möchte ins Haus.,A2
Wer kann das sein?,A2
Dina geht zur Tür und macht sie auf.,A1
Vor der Tür steht .,A2
"Oh, ein Clown!",A1
Seine Haare sind grün und seine Nase ist rot.,A1
"Dina freut sich, denn sie liebt Clowns.",A2
Der Clown sagt Hallo.,A1
Wer ist der Clown?,A1
Dina weiß es.,A1
Der Clown ist ihr Onkel Edward!,A2
Edward tanzt für Dina.,A1
Das sieht lustig aus und Dina muss lachen.,A1
Edward hat Ballons in der Hand.,A1
"Sie haben viele Farben: rot, grün, gelb und blau.",A1
Edward macht aus einem Ballon einen Hund.,A2
Dann gibt er Dina den Hund.,A2
Sie nimmt ihn und sagt Danke.,A2
"Jetzt ist sie glücklich, denn der Hund gefällt ihr sehr.",A2
"Komm ins Haus“, sagt Dinas Vater zum Clown.",A1
Er ist sein Bruder.,A1
Edward geht ins Haus.,A1
Er setzt sich im Wohnzimmer auf das Sofa.,A2
Dinas Mutter ist auch im Wohnzimmer.,A1
Sie steht am Tisch und macht aus dem Kuchen vier Stücke.,A2
"Sie gibt Dina, Edward und ihrem Mann ein Stück.",A2
Dann essen sie zusammen den Kuchen.,A2
Er schmeckt sehr gut.,Invalid
Danach spielt Dina mit dem Ballon.,A1
Dann liest sie das Buch.,A1
"Sie ist glücklich, denn ihr Geburtstag ist sehr schön.",A2
Tim ist 20 Jahre alt.,A1
Er wohnt in Frankfurt.,A1
Seine Oma wohnt in München.,A1
Tim möchte sie besuchen.,A2
Also fährt er mit dem Zug nach München.,A2
Tim geht zum Bahnhof.,A1
Der Zug kommt um 10 Uhr.,A1
Tim steigt ein.,A2
Er sucht seinen Platz.,A1
Sein Platz ist am Fenster.,A1
Tim setzt sich.,A1
Nach einer Stunde kommt der Schaffner.,A2
Er sagt:,A1
"„Die Fahrkarten, bitte. “Tim sucht in seiner Tasche.",A2
Oh nein!,A1
Seine Fahrkarte ist nicht da.,A2
Was macht Tim jetzt?,A1
Tim ist nervös.,A1
"Er sagt zum Schaffner: „Entschuldigung, ich finde meine Fahrkarte nicht.",A2
"Kann ich eine neue kaufen? “

Der Schaffner ist freundlich.",A1
"Er sagt: „Ja, das geht.",A1
"Eine Fahrkarte nach München kostet 60 Euro. “

Tim hat Glück, denn er hat genug Geld dabei.",A1
Also kann er die Fahrkarte bezahlen.,A2
Der Schaffner gibt Tim die Fahrkarte und geht weiter.,A2
Tim ist glücklich.,A1
Er denkt: „Das war teuer.,A1
"Aber jetzt kann ich meine Oma besuchen. “

Die Fahrt ist ruhig: Keine Kinder rennen durch den Zug, keine Fußball-Fans trinken Bier und singen.",A2
Nur ein paar Personen sitzen im Zug.,A2
Sie spielen mit ihren Handys oder lesen.,A1
Tim liest nicht.,A1
Er sieht aus dem Fenster.,A2
In München steigt Tim aus.,A1
Seine Oma wartet am Bahnhof.,A1
Dann sieht sie Tim und sagt: „Hallo Tim!,A1
Herzlich willkommen in München! “,A1
Anna ist 25 Jahre alt.,A1
Sie wohnt in Hamburg.,A1
Heute ist Samstag und Anna hat frei.,A1
Sie möchte kochen.,A1
Aber der Kühlschrank ist leer.,A1
Also muss Anna einkaufen gehen.,A1
Anna zieht ihre Jacke an und nimmt ihre Tasche.,A1
Sie geht aus dem Haus und läuft zum Supermarkt.,A2
Der Supermarkt ist nicht weit weg.,A1
Nach fünf Minuten ist Anna da.,A1
Im Supermarkt nimmt Anna einen Einkaufswagen.,A1
"Sie kauft Brot, Käse, Tomaten und Milch.",A1
Dann geht sie zur Kasse.,A1
Die Kassiererin sagt:,A1
„Das macht 15 Euro. “Anna öffnet ihre Tasche.,A1
Oh nein!,A1
Ihr Portemonnaie ist nicht da.,A1
Was macht Anna jetzt?,A1
Anna hat eine Idee.,A1
Sie nimmt ihr Handy und ruft ihre Freundin Lisa an.,A2
"„Hallo Lisa“, sagt Anna.",A1
"„Ich bin im Supermarkt, aber ich habe mein Portemonnaie vergessen.",A2
"Kannst du mir helfen? “

Lisa sagt:",A1
"„Ja, klar!",A1
Ich komme sofort. “Nach zehn Minuten kommt Lisa in den Supermarkt.,A2
Sie gibt Anna 20 Euro.,A1
Anna bezahlt die Einkäufe.,A1
Dann gehen Anna und Lisa zusammen nach Hause.,A1
"„Danke, Lisa! “, sagt Anna.",A1
„Du bist eine tolle Freundin. “Lisa lächelt.,A1
Zu Hause kocht Anna für Lisa.,A1
Das ist ihr Dankeschön für Lisas Hilfe.,A2
Die zwei Freundinnen essen zusammen und lachen viel.,A1
Der Abend ist sehr schön.,A1
Sofia und Alexander sind Geschwister.,A1
Sofia ist achtzehn und Alexander siebzehn Jahre alt.,A1
Sie wohnen in einer Stadt in Norddeutschland.,A1
Die Stadt ist sehr klein.,A1
Nur 5000 Menschen wohnen hier.,A1
Manchmal ist es ein bisschen langweilig in der Stadt.,A1
Die Natur ist aber sehr schön.,A1
In der Nähe gibt es einen Wald und einen See.,A1
Heute ist Sonntag.,A1
Es ist 9:30 Uhr und Sofia sitzt in der Küche am Tisch.,A2
Sie trinkt einen Tee und sieht aus dem Fenster.,A2
Die Sonne scheint.,A1
"„Alex, das Wetter ist heute so schön.",A1
"Wollen wir an den See fahren? “, fragt Sofia.",A1
Alexander antwortet nicht.,A1
Er ist noch in seinem Zimmer.,A2
Nach drei Minuten öffnet Alexander die Zimmertür.,A1
Dann kommt er in die Küche und setzt sich neben Sofia.,A2
Er ist noch sehr müde.,A1
"„Komm, wir fahren an den See“, sagt Sofia und steht auf.",A2
"„Ja, super, das machen wir. “

Sofia geht in ihr Zimmer.",A1
Sie nimmt ein Handtuch und ihren Bikini aus dem Schrank.,A2
Alexander geht in sein Zimmer.,A1
Er nimmt auch ein Handtuch und seine Badehose.,A1
"„Ich mache ein paar Brote“, sagt Alexander.",A1
Wasser brauchen wir auch noch.,A2
"Ich nehme zwei Flaschen mit. “

Die zwei Geschwister nehmen alle Sachen und gehen aus dem Haus.",A1
Dann nehmen sie ihre Fahrräder und fahren los.,A2
Nach 20 Minuten sind sie am See.,A1
Am See machen Sofia und Alexander ein Picknick.,A2
Sofia nimmt ein Brot aus ihrer Tasche.,A1
Alexander trinkt ein bisschen Wasser und sieht zum See.,A2
"„Oh, da ist ein Boot! “, sagt er laut.",A1
"„Ich will mit dem Boot fahren! “

„Au ja, ich auch! “, sagt Sofia.",A1
Die zwei Geschwister stehen auf.,A1
Dann nehmen sie ihre Sachen und gehen zum Boot.,A2
Neben dem Boot sitzt ein Mann auf einem Stuhl.,A1
"„Oh nein, ich glaube, das Boot gehört dem Mann.",A2
"Er will sicher Geld von uns“, sagt Alexander.",A2
„Wir möchten mit dem Boot fahren.,A1
"Wie viel kostet das? “, fragt Sofia.",A1
"„10 Euro für eine Stunde“, antwortet der Mann.",A1
So teuer?,A1
"Wir haben nur fünf Euro“, sagt Alexander. """,A1
Der Mann sieht ihn an und sagt:,A2
"„Na gut, fünf Euro. “

„Vielen Dank!",A1
"Das ist sehr nett“, sagt Sofia und gibt dem Mann das Geld.",A2
Sofia und Alexander setzen sich in das Boot und fahren los.,A2
Sie fahren dreißig Minuten auf dem See.,A2
"„Sieh mal, da ist eine Insel“, sagt Sofia.",A1
"„Oh, das ist interessant.",A1
"Ich habe die Insel noch nie gesehen“, antwortet Alexander.",A2
"„Komm, wir fahren zur Insel! “

„Hmmm, ich weiß nicht.",A1
"Ich will die Insel auch sehen, aber wir haben nur noch eine halbe Stunde.",A2
Wir müssen zurück. “,A1
"„Komm schon, Alex! “, sagt Sofia laut und sieht Alexander lange an.",A2
"Alexander sieht Sofia an und sagt: „Nein, Sofia.",A1
Wir müssen zurück.,A1
"Wir haben nicht mehr viel Zeit. “

Die zwei Geschwister fahren los.",A1
"Sie fahren schnell, denn sie wollen nicht zu spät sein.",A2
Nach zwanzig Minuten sind sie wieder am Strand.,A2
Der Mann sitzt noch auf seinem Stuhl.,A1
"„Wir sind zurück“, sagt Alexander.",A1
"„Ja, das sehe ich“, antwortet der Mann.",A1
„Wir hatten viel Spaß.,A1
"Vielen Dank für das Boot! “, sagt Sofia.",A1
Der Mann lächelt und sagt:,A1
"„Sehr gerne, das freut mich. “

„Auf Wiedersehen“, sagen Sofia und Alexander.",A1
Dann gehen sie weg.,A1
Sie setzen sich auf eine Bank.,A1
Die Zwei sind sehr glücklich.,A1
"„Die Fahrt mit dem Boot war super“, sagt Sofia.",A1
"„Ja, das finde ich auch.",A1
Es hat viel Spaß gemacht. “,A1
„Aber jetzt muss ich etwas trinken.,A1
Ich habe Durst. “,A1
„Ich auch.,A1
"Moment, ich hole das Wasser aus meiner Tasche. “

Alexander sucht seine Tasche.",A1
Aber wo ist sie?,A1
Alexander kann sie nicht finden.,A1
"„Sofia, wo ist meine Tasche? “, fragt er.",A1
Sofia sieht nach links und nach rechts.,A1
Sie kann die Tasche auch nicht sehen.,A2
"„Ich weiß es nicht“, antwortet sie.",A1
„Oh nein!,A1
"Ich glaube, die Tasche ist noch im Boot“, sagt Alexander laut.",A2
Die zwei Geschwister stehen auf und gehen schnell zum Boot.,A2
Aber es ist nicht mehr da.,A1
Das Boot ist wieder auf dem See.,A1
In dem Boot sitzen drei Menschen.,A1
"Hallo! “, sagt Alexander sehr laut.",A1
Aber die Menschen im Boot können ihn nicht hören.,A2
Sie sind schon zu weit weg.,A2
"„Oh nein, meine Tasche!",A1
Was machen wir jetzt? “,A1
Hannah hat lange eine Arbeit gesucht.,A2
Vor einer Woche hat sie eine gefunden.,A2
Hannah arbeitet jetzt in einer Bibliothek.,A1
Heute ist ihr erster Tag.,A1
"Um 7 Uhr fährt Hannah mit dem Bus zur Bibliothek, denn um 8 Uhr beginnt die Arbeit.",A2
In der Bibliothek trifft Hannah ihren Chef.,A2
Er heißt Herr Schmidt.,A1
Herr Schmidt zeigt Hannah ein Buch.,A1
Es ist groß und schwer.,A1
„Dieses Buch ist sehr teuer.,A1
Es kostet mehr als 10.,A1
000 Euro.,A1
"Sie dürfen es nicht verlieren“, sagt Herr Schmidt.",A2
"„Ja, natürlich, kein Problem! “, antwortet Hannah.",A1
Hannah beginnt ihre Arbeit.,A1
Sie liest.,A1
Sie schreibt Notizen.,A1
Und sie spricht mit den Kunden.,A1
Manchmal haben die Kunden eine Frage.,A1
Dann hilft ihnen Hannah.,A1
Das Buch von Herrn Schmidt steht immer im Regal.,A2
Um 13 Uhr hat Hannah Mittagspause.,A1
Sie geht essen.,A1
Nach dem Mittagessen kommt sie zurück in die Bibliothek.,A2
Doch was ist das?,A1
Das Buch von Herrn Schmidt steht nicht mehr im Regal.,A2
"Oh nein, wo ist das Buch?",A1
Hannah weiß es nicht.,A1
Jetzt hat sie ein Problem.,A1
Hannah sieht in jedes Regal.,A2
"Sie fragt auch ihre Kollegen, aber niemand hat das Buch gesehen.",A2
Hannah ist traurig.,A1
"Sie denkt, sie hat das Buch verloren.",A2
Aber dann sieht sie einen Jungen.,A1
Er hat ein Buch in der Hand.,A1
"Ja, es ist das Buch von Herrn Schmidt!",A2
Also geht Hannah zu dem Jungen.,A2
„Ich brauche das Buch.,A1
"Kannst du es mir geben? “, fragt sie freundlich.",A1
Der Junge gibt ihr das Buch.,A2
Jetzt ist er ein bisschen traurig.,A1
"„Danke! “, sagt Hannah und gibt ihm ein Kinderbuch.",A2
Jetzt ist der Junge wieder glücklich.,A1
"Uff, was für ein Tag!",A1
Es ist 17 Uhr und Hannahs Arbeit ist zu Ende.,A1
Sie fährt mit dem Bus nach Hause.,A2
"Hannah ist müde, aber auch glücklich, denn sie hat das Buch gefunden.",A2
Emma kommt aus Hamburg.,A1
Dort hat sie 20 Jahre gelebt.,A2
Emma hatte eine Wohnung.,A1
Die Wohnung war sehr klein.,A1
Ab heute wohnt Emma in einem Haus.,A1
Das Haus ist in Berlin.,A1
Es ist groß und schön.,A1
Emma liebt dieses Haus.,A1
Vor dem Haus steht ein Auto.,A1
"In dem Auto sind Emmas Sachen: Bücher, Kleidung, Teller, Tassen und noch mehr.",A1
Alles ist in Kartons.,A1
Emma nimmt einen Karton.,A1
"Uff, warum ist er so schwer?",A2
"Ach so, in dem Karton sind viele Bücher.",A2
Bücher sind schwer.,A1
Aber das ist kein Problem für Emma.,A1
Sie ist stark.,A1
Also nimmt Emma den Karton und trägt ihn ins Haus.,A2
Jetzt sind alle Sachen im Wohnzimmer.,A1
Das war viel Arbeit.,A1
Emma ist ein bisschen müde.,A1
"„Jetzt brauche ich eine Pause“, denkt sie.",A2
Also geht sie in die Küche und macht einen Tee.,A2
Dann sitzt Emma ein paar Minuten auf dem Sofa.,A2
Sie trinkt den Tee.,A1
Aber dann hört Emma etwas.,A1
Was kann das sein?,A2
Es kommt von unten aus dem Keller.,A2
Emma hat Angst.,A1
Sie geht nicht in den Keller.,A1
Sie geht zurück ins Wohnzimmer.,A1
Emma will die Polizei rufen.,A2
Also nimmt sie ihr Handy und wählt die Nummer 110.,A2
Nach 15 Minuten steht ein Polizeiauto vor der Tür.,A2
Eine Polizistin kommt zu Emmas Haus.,A1
Emma öffnet die Tür.,A1
Sie sagt:,A1
"„Guten Tag! “

„Guten Tag Frau Grün.",A1
Mein Name ist Meier.,A1
"Wie kann ich Ihnen helfen? “, antwortet die Polizistin.",A2
„Ich höre etwas.,A1
Es kommt von unten.,A1
Vielleicht ist eine Person im Keller.,A1
Ich habe ein bisschen Angst. “,A1
"„Wo ist der Keller? “, fragt die Polizistin.",A2
„Hier ist er.,A1
"Kommen Sie, Frau Meier! “, antwortet Emma.",A2
Frau Meier geht nach unten in den Keller.,A2
Nach zwei Minuten kommt sie zurück.,A1
Sie hat etwas in der Hand.,A1
Es ist eine Uhr.,A1
„Es ist nur diese Uhr.,A1
Sie ist sehr laut.,A1
"Hören Sie? “, sagt die Polizistin.",A2
Dann gibt sie Emma die Uhr.,A2
Emma nimmt die Uhr und lacht.,A1
"„Ach so, es ist nur eine Uhr.",A1
Dann ist ja alles gut.,A1
"Vielen Dank für Ihre Hilfe, Frau Meier! “",A1
„Kein Problem.,A1
Ich helfe gern.,A1
"Alles Gute und auf Wiedersehen, Frau Grün! “

Emma öffnet die Haustür.",A1
Die Polizistin geht aus dem Haus und fährt weg.,A2
Emma hat jetzt keine Angst mehr.,A1
Sie sitzt wieder auf dem Sofa und trinkt Tee.,A1
"„Super, jetzt habe ich auch eine Uhr“, denkt sie.",A1
Tanja möchte einen Pullover kaufen.,A1
Also geht sie in ein Modegeschäft.,A1
"Dort gibt es viel Kleidung: Hosen, T-Shirts und Jacken.",A1
Natürlich gibt es dort auch Pullover.,A1
Ein Pullover gefällt Tanja sehr.,A1
Sie möchte ihn anprobieren.,A2
Also nimmt sie ihn und geht in eine Umkleidekabine.,A2
Sie zieht ihre Jacke aus und zieht den Pullover an.,A1
Dann sieht Tanja in den Spiegel.,A1
"Der Pullover ist sehr schön, denkt sie.",A1
Tanja kommt wieder aus der Umkleidekabine.,A2
Sie will den Pullover kaufen.,A1
Also geht sie zur Kasse und bezahlt.,A2
Dann geht Tanja aus dem Geschäft.,A1
Draußen ist es sehr kalt.,A1
Tanja will ihre Jacke anziehen.,A1
Aber wo ist die Jacke?,A1
Sie ist nicht mehr da.,A1
Schnell geht Tanja zurück ins Geschäft und zur Umkleidekabine.,A2
Tanja geht in die Kabine.,A1
Doch wo ist die Jacke?,A1
"Tanja sucht und sucht, aber sie kann die Jacke nicht finden.",A1
Dann sieht sie an der Kasse eine Frau.,A1
Sie hat Tanjas Jacke in der Hand.,A1
Möchte sie die Jacke vielleicht mitnehmen?,A2
Tanja geht schnell zur Kasse.,A1
"„Entschuldigung, das ist meine Jacke“, sagt sie zu der Frau.",A1
Die Frau antwortet: „Ich habe die Jacke in der Umkleidekabine gefunden.,A2
Also habe ich sie zur Kasse gebracht. “Dann gibt die Frau Tanja die Jacke zurück.,A2
"Jetzt ist Tanja glücklich, denn sie hat ihre Jacke wieder.",A1
"„Vielen Dank, Sie sind sehr nett! “, sagt sie zu der Frau.",A2
Dann zieht sie ihre Jacke an und geht nach Hause.,A2
Laura geht mit ihrem Freund Kilian ins Kino.,A1
Sie wollen den Film,A2
„Star Wars“sehen.,A1
Laura kauft die Karten für den Film.,A1
Kilian kauft Popcorn und Cola.,A1
Dann suchen Laura und Kilian ihre Plätze.,A1
Laura hat den Platz Nummer 11 und ihr Freund hat den Platz Nummer 12.,A1
Das Kino ist nicht groß.,A1
Also müssen Laura und Kilian nicht lange suchen.,A2
Sie finden schnell ihre Plätze.,A2
Dann setzen sie sich.,A2
Laura und Kilian sind allein im Kino.,A1
Laura isst das Popcorn.,A1
Es schmeckt nicht.,A1
Kilian trinkt die Cola.,A1
Sie ist zu süß.,A1
Der Film beginnt.,A1
Er ist sehr langweilig.,A1
Laura und ihr Freund bleiben 30 Minuten im Kino.,A1
Dann stehen sie auf.,A1
"Der Film ist noch nicht zu Ende, aber Laura und Kilian gehen aus dem Kino.",A2
Sie gehen in einen Park und setzen sich auf eine Bank.,A2
Mohammed hat kein Essen zu Hause.,A1
Also muss er einkaufen.,A2
Er geht in einen Supermarkt.,A1
"Mohammed will viel kaufen: Eier, Brot, Äpfel und Milch.",A1
Mohammed nimmt einen Korb.,A1
Er findet die Eier und legt sie in seinen Korb.,A2
Auch das Brot und die Äpfel findet Mohammed.,A2
Aber wo ist die Milch?,A1
Er kann sie nicht finden.,A2
Warum gibt es hier keine Milch?,A1
Mohammed weiß es nicht.,A1
Er ist ein bisschen traurig.,A1
Jetzt geht Mohammed zur Kasse.,A1
Da sitzt ein Mann.,A1
Das ist der Kassierer.,A1
"Mohammed gibt dem Mann die Eier, das Brot und die Äpfel.",A2
Der Kassierer sagt:,A1
"„Sieben Euro, bitte. “

Mohammed gibt ihm das Geld.",A1
"Dann legt Mohammed die Eier, das Brot und die Äpfel in seine Tasche.",A2
"„Einen schönen Tag noch! “, sagt Mohammed.",A1
Dann geht er nach Hause.,A1
Sandra steht an der Haltestelle,A1
Sie wartet.,A1
Nach fünf Minuten kommt der Bus.,A1
Er hält direkt vor Sandra.,A2
Der Busfahrer öffnet die Tür.,A1
Eine Frau und ein Mann steigen aus.,A1
Dann steigt Sandra ein.,A2
Sandra will eine Fahrkarte kaufen.,A1
Der Busfahrer sagt:,A1
"„Zwei Euro, bitte. “Sandra gibt dem Busfahrer das Geld.",A2
Dann nimmt sie die Fahrkarte.,A1
Der Bus ist sehr voll.,A1
Also kann sich Sandra nicht setzen.,A2
Links neben Sandra steht ein Mann.,A1
Er ist sehr alt und seine Haare sind weiß.,A1
Rechts neben Sandra steht eine Frau mit einem Hund.,A2
Der Bus fährt los.,A1
Er hält oft.,A1
Also ist die Fahrt sehr lang.,A1
An der Haltestelle,A1
„Bahnhof“steigen viele Leute ein.,A2
Jetzt gibt es keinen Platz mehr im Bus.,A2
Sandra drückt auf,A2
Der Bus hält an der Haltestelle,A1
Sandra steigt aus.,A1
Sie geht lieber zu Fuß.,A1
Timo will heute Abend eine Party machen.,A2
Er hat alle seine Freunde eingeladen.,A2
Aber Timo muss noch Essen und Trinken kaufen.,A2
Er fährt mit seinem Auto zu einem Supermarkt.,A2
"Dort kauft er Pizza, Chips und Limonade.",A1
Timo zahlt an der Kasse 25 Euro.,A1
Dann fährt Timo zurück nach Hause.,A1
Vor der Party muss er noch viel machen.,A2
Timo stellt die Chips auf den Tisch.,A1
Die Limonade kommt in den Kühlschrank und die Pizza in den Ofen.,A2
Draußen vor dem Haus stehen Timos Freunde.,A2
Sie klingeln an der Tür.,A2
Timo geht durch das Haus und öffnet die Tür.,A1
"„Hallo“, sagt Timo und bringt seine Gäste ins Haus.",A1
Die Pizza ist auch schon fertig.,A1
Alle essen zusammen.,A1
Dann macht Timo die Musik an und gibt allen eine Limonade.,A2
"Sie trinken, lachen und tanzen bis spät in die Nacht.",A2
Timo freut sich.,A1
Er feiert sehr gern mit seinen Freunden.,A2
So eine Party müssen sie bald nochmal machen!,A2
Mona will heute ihre Freundin in der Stadt treffen.,A2
Das Wetter ist schön und die Sonne scheint.,A1
Mona fährt mit ihrem Fahrrad in die Stadt.,A2
Nach zwanzig Minuten kommt sie an.,A1
Monas Freundin heißt Amira.,A1
Sie wartet schon auf Mona.,A1
Mona fährt langsam und hält an.,A1
Dann stellt sie ihr Fahrrad an ein Haus.,A2
Die Zwei gehen in ein Café.,A1
Nach einer Stunde kommen sie aus dem Café.,A2
Was ist das?,A1
Monas Fahrrad ist weg!,A1
Mona und Amira gehen zur Polizei.,A1
Eine Polizistin öffnet die Tür.,A1
Die Polizistin ist sehr nett.,A1
"„Mein Fahrrad ist weg“, sagt Mona.",A1
Sie gibt der Polizistin ein Bild von ihrem Fahrrad.,A2
Es ist blau und weiß.,A1
"„Wir werden das Fahrrad finden“, sagt die Polizistin.",A1
Mona und Amira sagen Danke und Tschüss.,A1
Mona muss heute zu Fuß nach Hause gehen.,A2
Am Abend ruft die Polizistin Mona an.,A2
Sie hat ihr Fahrrad gefunden.,A1
Das ist super!,A1
Mona freut sich sehr!,A1
Lotta ist acht Jahre alt und geht in die dritte Klasse.,A1
Aber heute kann sie nicht in die Schule gehen.,A1
Lotta geht es sehr schlecht.,A2
Sie ist krank und liegt im Bett.,A1
Lottas Vater kommt ins Zimmer.,A1
Er setzt sich neben Lottas Bett.,A2
Dann legt er eine Hand auf Lottas Kopf.,A2
Er ist sehr heiß.,A1
"Ja, Lotta hat Fieber.",A1
Langsam steht Lotta auf.,A1
Sie muss sich anziehen.,A2
Lottas Vater will mit ihr zum Arzt gehen.,A2
Lotta und ihr Vater fahren zum Arzt.,A1
Dort sitzen sie im Wartezimmer.,A2
Lotta und ihr Vater gehen in ein Zimmer mit Stühlen und Tischen.,A1
Auf einem Tisch liegen Zeitungen.,A1
Lottas Vater nimmt eine Zeitung und öffnet sie.,A2
Er liest laut vor.,A2
In dem Text geht es um Pferde.,A1
Das gefällt Lotta.,A1
Sie mag Pferde sehr.,A1
Eine Stunde geht vorbei.,A1
Und noch eine.,A2
Lotta und ihr Vater warten jetzt schon zwei Stunden.,A2
Lotta geht es immer noch sehr schlecht.,A2
Lottas Vater ist sauer.,A1
Er nimmt Lottas Hand und geht aus dem Zimmer.,A2
Lotta und ihr Vater fahren zu einem anderen Arzt.,A1
Fatma und Sadja gehen in die neunte Klasse.,A1
Es ist Sommer und sie fahren mit ihrer Klasse ans Meer.,A1
Eine Woche werden sie hier sein.,A2
Sie sitzen alle zusammen in einem Bus.,A2
Die Fahrt ans Meer ist sehr lang.,A2
Nach sechs Stunden kommen sie endlich an.,A2
Alle steigen aus dem Bus aus.,A2
Sie stehen vor einem Hotel.,A1
Es ist groß und sehr alt.,A1
"„Oh je, das Hotel ist nicht schön.",A1
"Es ist so alt und die Fenster und Türen sind kaputt“, sagt Sadja.",A1
Fatma denkt das nicht.,A1
"Ja, das Hotel ist nicht modern, aber es hat Stil.",A2
Fatma findet es super.,A1
Der Lehrer bringt die Klasse in das Hotel.,A2
Fatma und Sadja gehen in ihr Zimmer.,A1
Sie legen ihre Taschen auf den Boden.,A2
Dann setzen sie sich auf ihre Betten.,A2
Es ist schon spät am Abend.,A1
Sadja und Fatma sind sehr müde von der Reise.,A1
Sie ziehen ihre Pyjamas an und putzen sich schnell die Zähne.,A2
Dann gehen die Zwei schlafen.,A1
In der Nacht wacht Sadja auf.,A1
Sie hört ein Geräusch!,A1
Was ist das?,A1
Sadja weckt Fatma.,A1
Auch sie hört das Geräusch.,A2
Sadja und Fatma haben Angst.,A1
Sie gehen aus dem Zimmer.,A1
Wer oder was macht das Geräusch?,A2
Dann sehen sie es.,A1
Es ist nur eine Katze.,A1
Sie sitzt vor der Tür und sagt leise Miau.,A1
Tim steht im Bahnhof am Gleis 5.,A2
Es ist Montag um 7:40 Uhr.,A1
"Tims Zug fährt in 10 Minuten, aber er ist noch nicht da.",A2
Heute fliegt Tim in den Urlaub.,A1
"Sein Flug ist um 10:00 Uhr, aber Tim will früh am Flughafen sein.",A2
Er will nicht zu spät kommen.,A2
Der Zug ist immer noch nicht da.,A2
Tim wird nervös und sieht auf die Uhr.,A2
Es ist 7:50 Uhr.,A1
Wo ist Tims Zug?,A1
Der Zug hält am Gleis 5.,A2
Viele Menschen steigen aus.,A2
Tim wartet also einen Moment.,A1
Dann steigt er ein.,A2
Im Zug sitzen nur drei Personen.,A1
Viele Plätze sind frei.,A1
Tims Platz hat die Nummer 23.,A1
Er ist am Fenster.,A1
Tim setzt sich und sieht aus dem Fenster.,A2
Der Zug fährt aus dem Bahnhof.,A1
Jetzt kann Tim die Stadt sehen.,A1
Auf den Straßen sind viele Menschen.,A1
Männer und Frauen gehen zur Arbeit und Kinder gehen zur Schule.,A1
Nach 30 Minuten ist Tim am Flughafen.,A2
Zum Glück ist er nicht zu spät.,A2
Es ist 8:30 Uhr und Tim hat noch 90 Minuten.,A1
Aber was sieht Tim?,A1
Flug 466 von Frankfurt nach Barcelona hat heute drei Stunden Verspätung.,A2
"Oh, nein!",A1
Das ist Tims Flug.,A1
Jetzt muss er wieder warten.,A1
Heute ist Annas Geburtstag.,A1
Sie sitzt im Restaurant am Tisch.,A1
Annas Freunde sind auch da.,A1
Sie feiern heute alle zusammen Annas Geburtstag.,A2
"Im Restaurant kann man viel essen: Pizza, Spaghetti, Salat, Suppe.",A1
Das alles steht in der Speisekarte.,A2
Anna liest die Speisekarte.,A1
Sie liest und liest und liest.,A1
Was will Anna essen?,A1
Sie weiß es noch nicht.,A2
Also fragt Anna ihre Freunde.,A1
Anna: Was soll ich nehmen?,A1
Ich weiß es nicht.,A1
Könnt ihr mir helfen?,A2
Mathilde: Du kannst Spaghetti essen.,A1
"Fridolin: Nein, ich finde, hier sind die Suppen sehr gut.",A2
Nimm eine Suppe!,A1
Maria: Du kannst auch eine Pizza Funghi nehmen.,A1
Die ist hier auch sehr lecker.,A1
Anna: Eine Pizza Funghi?,A1
"Nein, auf keinen Fall!",A2
Pilze mag ich nicht.,A1
Dann kommt der Kellner mit der Speisekarte.,A1
"Anna: Ah, der Kellner kommt.",A1
Kellner: Hallo!,A1
Was darf ich Ihnen bringen?,A2
Fridolin: Ich hätte gerne eine Kartoffelsuppe.,A2
"Mathilde: Für mich auch eine Suppe, eine Tomatensuppe.",A1
Maria: Und ich möchte bitte einen Salat.,A1
"Anna: Oh, nein!",A1
Warum ist der Kellner jetzt schon da?,A2
Was soll ich bestellen?,A2
Mathilde: Du musst die Spaghetti mit Tomatensoße probieren.,A2
Die sind hier sehr gut.,A1
"Anna: Ja, findest du?",A1
Ich bin nicht sicher.,A1
Spaghetti esse ich jeden Tag zu Hause.,A2
Kellner: Und was möchten Sie bestellen?,A2
Anna: Ich weiß es nicht.,A1
"Ach, bringen Sie mir irgendetwas: eine Pizza oder Spaghetti oder eine Suppe oder einen Salat.",A2
Sie entscheiden.,A2
Kellner: Kein Problem.,A1
15 Minuten später kommt der Kellner mit dem Essen zurück.,A2
"Kellner: Hier, bitte sehr, die Suppen und der Salat.",A1
Anna: Und was haben Sie für mich?,A2
Kellner: Sie bekommen unsere Spezialität: eine Pizza Funghi.,A2
